"0","# Create a summary table using your county reliability data"
"0","# Include: county name, median income, MOE percentage, reliability category"
"0","# Add a new column with algorithm recommendations using case_when():"
"0","# - High Confidence: ""Safe for algorithmic decisions"""
"0","# - Moderate Confidence: ""Use with caution - monitor outcomes""  "
"0","# - Low Confidence: ""Requires manual review or additional data"""
"0","county_data <- county_data %>%"
"0","  mutate("
"0","    algorithm_recommendation = case_when("
"0","      reliability == ""High confidence"" ~ ""Safe for algorithmic decisions"","
"0","      reliability == ""Moderate confidence"" ~ ""Use with caution - monitor outcomes"","
"0","      reliability == ""Low confidence"" ~ ""Requires manual review or additional data"","
"0","      TRUE ~ ""Unknown"""
"0","    )"
"0","  )"
"0",""
"0","# Format as a professional table with kable()"
"0",""
"0","summary_table <- county_data %>%"
"0","  select(county_name = NAME, Median_income = Median_incomeE, MOE_percentage, "
"0","         reliability, algorithm_recommendation)"
"0",""
"0","# Display professional table"
"0","kable(summary_table, "
"0","      caption = ""County-Level Median Income Reliability and Algorithm Recommendations"","
"0","      col.names = c(""County"", ""Median Income"", ""MOE (%)"", ""Reliability Category"", "
"0","                    ""Algorithm Recommendation""),"
"0","      digits = 2)"
